{
  "K_grid": [
    2,
    3,
    5,
    8,
    10
  ],
  "beta_grid": [
    10.0,
    20.0,
    50.0,
    100.0,
    200.0
  ],
  "A": 0.3,
  "omega": 1.0,
  "M1": 0.3,
  "M2": 0.3,
  "fits": {
    "slope_vs_beta_fixed_K": {
      "K=2": {
        "slope": 1.8418349251208976,
        "intercept": -4.22622152448334,
        "predicted": 2.0
      },
      "K=3": {
        "slope": 1.8612809864533861,
        "intercept": -3.6762181923776245,
        "predicted": 2.0
      },
      "K=5": {
        "slope": 1.85569236398922,
        "intercept": -2.9967972851523,
        "predicted": 2.0
      },
      "K=8": {
        "slope": 1.8377060956649518,
        "intercept": -2.3704307475794333,
        "predicted": 2.0
      },
      "K=10": {
        "slope": 1.8296233453409672,
        "intercept": -2.0803587531093464,
        "predicted": 2.0
      }
    },
    "slope_vs_K_fixed_beta": {
      "beta=10": {
        "slope": 1.2815142579126872,
        "intercept": -0.6915392356187692,
        "predicted": 3.0
      },
      "beta=20": {
        "slope": 1.3451121229146914,
        "intercept": 0.2692046102984622,
        "predicted": 3.0
      },
      "beta=50": {
        "slope": 1.2780755246774818,
        "intercept": 2.054478724693077,
        "predicted": 3.0
      },
      "beta=100": {
        "slope": 1.276700967101893,
        "intercept": 3.4258437912864026,
        "predicted": 3.0
      },
      "beta=200": {
        "slope": 1.277232634560135,
        "intercept": 4.80754595268256,
        "predicted": 3.0
      }
    }
  }
}